narrativa_id;base;modelo;instancia;narrativa;trecho;tipo_extraido;atributos_extraidos;atenuada;anotador1_correta;anotador1_tipo_correto;anotador2_correta;anotador2_tipo_correto;observacoes
1;corral;RF;0;"A decisão de classificar o caso como ""classe 0"" foi influenciada principalmente pelo valor atribuído à variável x2, que teve um impacto positivo significativo na probabilidade estimada. As variáveis x4 e x3 também contribuíram positivamente, embora com menor intensidade. O valor de x1 teve um efeito negativo, mas foi menos influente do que o fator principal. Variáveis como x6 não pareceram ter grande impacto na decisão desta vez. Se x2 tivesse um valor diferente ou se x4 fosse zero, isso poderia mudar a classificação para ""classe 1"".";a decisão se explica por x2 e contribuiu positivamente;SUF;x2;não;;;;;
1;corral;RF;0;"A decisão de classificar o caso como ""classe 0"" foi influenciada principalmente pelo valor atribuído à variável x2, que teve um impacto positivo significativo na probabilidade estimada. As variáveis x4 e x3 também contribuíram positivamente, embora com menor intensidade. O valor de x1 teve um efeito negativo, mas foi menos influente do que o fator principal. Variáveis como x6 não pareceram ter grande impacto na decisão desta vez. Se x2 tivesse um valor diferente ou se x4 fosse zero, isso poderia mudar a classificação para ""classe 1"".";as variáveis x4 e x3 também contribuíram positivamente, embora com menor intensidade;REL;x4;sim;;;;;
1;corral;RF;0;"A decisão de classificar o caso como ""classe 0"" foi influenciada principalmente pelo valor atribuído à variável x2, que teve um impacto positivo significativo na probabilidade estimada. As variáveis x4 e x3 também contribuíram positivamente, embora com menor intensidade. O valor de x1 teve um efeito negativo, mas foi menos influente do que o fator principal. Variáveis como x6 não pareceram ter grande impacto na decisão desta vez. Se x2 tivesse um valor diferente ou se x4 fosse zero, isso poderia mudar a classificação para ""classe 1"".";as variáveis x4 e x3 também contribuíram positivamente, embora com menor intensidade;REL;x3;sim;;;;;
1;corral;RF;0;"A decisão de classificar o caso como ""classe 0"" foi influenciada principalmente pelo valor atribuído à variável x2, que teve um impacto positivo significativo na probabilidade estimada. As variáveis x4 e x3 também contribuíram positivamente, embora com menor intensidade. O valor de x1 teve um efeito negativo, mas foi menos influente do que o fator principal. Variáveis como x6 não pareceram ter grande impacto na decisão desta vez. Se x2 tivesse um valor diferente ou se x4 fosse zero, isso poderia mudar a classificação para ""classe 1"".";o valor de x1 teve um efeito negativo, mas foi menos influente do que o fator principal;REL;x1;sim;;;;;
1;corral;RF;0;"A decisão de classificar o caso como ""classe 0"" foi influenciada principalmente pelo valor atribuído à variável x2, que teve um impacto positivo significativo na probabilidade estimada. As variáveis x4 e x3 também contribuíram positivamente, embora com menor intensidade. O valor de x1 teve um efeito negativo, mas foi menos influente do que o fator principal. Variáveis como x6 não pareceram ter grande impacto na decisão desta vez. Se x2 tivesse um valor diferente ou se x4 fosse zero, isso poderia mudar a classificação para ""classe 1"".";variáveis como x6 não pareceram ter grande impacto na decisão desta vez;IRR;x6;não;;;;;
1;corral;RF;0;"A decisão de classificar o caso como ""classe 0"" foi influenciada principalmente pelo valor atribuído à variável x2, que teve um impacto positivo significativo na probabilidade estimada. As variáveis x4 e x3 também contribuíram positivamente, embora com menor intensidade. O valor de x1 teve um efeito negativo, mas foi menos influente do que o fator principal. Variáveis como x6 não pareceram ter grande impacto na decisão desta vez. Se x2 tivesse um valor diferente ou se x4 fosse zero, isso poderia mudar a classificação para ""classe 1"".";se x2 tivesse um valor diferente ou se x4 fosse zero, isso poderia mudar a classificação para 'classe 1';CON;"x2; x4";não;;;;;
1;corral;RF;0;"A decisão de classificar o caso como ""classe 0"" foi influenciada principalmente pelo valor atribuído à variável x2, que teve um impacto positivo significativo na probabilidade estimada. As variáveis x4 e x3 também contribuíram positivamente, embora com menor intensidade. O valor de x1 teve um efeito negativo, mas foi menos influente do que o fator principal. Variáveis como x6 não pareceram ter grande impacto na decisão desta vez. Se x2 tivesse um valor diferente ou se x4 fosse zero, isso poderia mudar a classificação para ""classe 1"".";;FALTANTE;(liste afirmações do texto que não foram extraídas);;;;;;
2;mux6;GB;0;"A decisão de classificar o caso como ""classe 0"" foi influenciada principalmente pelo valor do atributo x3, que teve um grande impacto positivo na probabilidade de ser ""classe 0"". Os atributos x1, x2 e x4 também contribuíram para essa decisão, embora com menor intensidade. O valor do atributo x6 não afetou a classificação neste caso, já que seu impacto foi mínimo. Se o valor do x3 fosse diferente ou se houvesse uma mudança significativa no valor de x1, isso poderia alterar a decisão do modelo.";a decisão se explica por x3;SUF;x3;não;;;;;
2;mux6;GB;0;"A decisão de classificar o caso como ""classe 0"" foi influenciada principalmente pelo valor do atributo x3, que teve um grande impacto positivo na probabilidade de ser ""classe 0"". Os atributos x1, x2 e x4 também contribuíram para essa decisão, embora com menor intensidade. O valor do atributo x6 não afetou a classificação neste caso, já que seu impacto foi mínimo. Se o valor do x3 fosse diferente ou se houvesse uma mudança significativa no valor de x1, isso poderia alterar a decisão do modelo.";os atributos x1, x2 e x4 contribuíram para essa decisão;REL;x1;não;;;;;
2;mux6;GB;0;"A decisão de classificar o caso como ""classe 0"" foi influenciada principalmente pelo valor do atributo x3, que teve um grande impacto positivo na probabilidade de ser ""classe 0"". Os atributos x1, x2 e x4 também contribuíram para essa decisão, embora com menor intensidade. O valor do atributo x6 não afetou a classificação neste caso, já que seu impacto foi mínimo. Se o valor do x3 fosse diferente ou se houvesse uma mudança significativa no valor de x1, isso poderia alterar a decisão do modelo.";os atributos x1, x2 e x4 contribuíram para essa decisão;REL;x2;não;;;;;
2;mux6;GB;0;"A decisão de classificar o caso como ""classe 0"" foi influenciada principalmente pelo valor do atributo x3, que teve um grande impacto positivo na probabilidade de ser ""classe 0"". Os atributos x1, x2 e x4 também contribuíram para essa decisão, embora com menor intensidade. O valor do atributo x6 não afetou a classificação neste caso, já que seu impacto foi mínimo. Se o valor do x3 fosse diferente ou se houvesse uma mudança significativa no valor de x1, isso poderia alterar a decisão do modelo.";os atributos x1, x2 e x4 contribuíram para essa decisão;REL;x4;não;;;;;
2;mux6;GB;0;"A decisão de classificar o caso como ""classe 0"" foi influenciada principalmente pelo valor do atributo x3, que teve um grande impacto positivo na probabilidade de ser ""classe 0"". Os atributos x1, x2 e x4 também contribuíram para essa decisão, embora com menor intensidade. O valor do atributo x6 não afetou a classificação neste caso, já que seu impacto foi mínimo. Se o valor do x3 fosse diferente ou se houvesse uma mudança significativa no valor de x1, isso poderia alterar a decisão do modelo.";o valor do atributo x6 não afetou a classificação neste caso;IRR;x6;não;;;;;
2;mux6;GB;0;"A decisão de classificar o caso como ""classe 0"" foi influenciada principalmente pelo valor do atributo x3, que teve um grande impacto positivo na probabilidade de ser ""classe 0"". Os atributos x1, x2 e x4 também contribuíram para essa decisão, embora com menor intensidade. O valor do atributo x6 não afetou a classificação neste caso, já que seu impacto foi mínimo. Se o valor do x3 fosse diferente ou se houvesse uma mudança significativa no valor de x1, isso poderia alterar a decisão do modelo.";se o valor do x3 fosse diferente, isso poderia alterar a decisão do modelo;CON;x3;não;;;;;
2;mux6;GB;0;"A decisão de classificar o caso como ""classe 0"" foi influenciada principalmente pelo valor do atributo x3, que teve um grande impacto positivo na probabilidade de ser ""classe 0"". Os atributos x1, x2 e x4 também contribuíram para essa decisão, embora com menor intensidade. O valor do atributo x6 não afetou a classificação neste caso, já que seu impacto foi mínimo. Se o valor do x3 fosse diferente ou se houvesse uma mudança significativa no valor de x1, isso poderia alterar a decisão do modelo.";se houvesse uma mudança significativa no valor de x1, isso poderia alterar a decisão do modelo;CON;x1;não;;;;;
2;mux6;GB;0;"A decisão de classificar o caso como ""classe 0"" foi influenciada principalmente pelo valor do atributo x3, que teve um grande impacto positivo na probabilidade de ser ""classe 0"". Os atributos x1, x2 e x4 também contribuíram para essa decisão, embora com menor intensidade. O valor do atributo x6 não afetou a classificação neste caso, já que seu impacto foi mínimo. Se o valor do x3 fosse diferente ou se houvesse uma mudança significativa no valor de x1, isso poderia alterar a decisão do modelo.";x3 teve um grande impacto positivo na probabilidade de ser 'classe 0';DIR;x3;não;;;;;
2;mux6;GB;0;"A decisão de classificar o caso como ""classe 0"" foi influenciada principalmente pelo valor do atributo x3, que teve um grande impacto positivo na probabilidade de ser ""classe 0"". Os atributos x1, x2 e x4 também contribuíram para essa decisão, embora com menor intensidade. O valor do atributo x6 não afetou a classificação neste caso, já que seu impacto foi mínimo. Se o valor do x3 fosse diferente ou se houvesse uma mudança significativa no valor de x1, isso poderia alterar a decisão do modelo.";os atributos x1, x2 e x4 contribuíram para essa decisão, embora com menor intensidade;ORD;"x1; x2; x4";sim;;;;;
2;mux6;GB;0;"A decisão de classificar o caso como ""classe 0"" foi influenciada principalmente pelo valor do atributo x3, que teve um grande impacto positivo na probabilidade de ser ""classe 0"". Os atributos x1, x2 e x4 também contribuíram para essa decisão, embora com menor intensidade. O valor do atributo x6 não afetou a classificação neste caso, já que seu impacto foi mínimo. Se o valor do x3 fosse diferente ou se houvesse uma mudança significativa no valor de x1, isso poderia alterar a decisão do modelo.";;FALTANTE;(liste afirmações do texto que não foram extraídas);;;;;;
3;corral;GB;0;"A decisão de classificar o caso como ""classe 0"" foi influenciada principalmente pelo valor atribuído à variável x2, que teve um impacto positivo significativo na probabilidade estimada. As variáveis x4 e x3 também contribuíram positivamente, embora com menor intensidade. Já as variáveis x1 e x5 tiveram influências negativas, mas muito menores do que a de x2. A variável x6 não teve grande impacto na decisão final. Se um dos fatores principais, como x2 ou x4, mudasse para o valor contrário, poderíamos ver uma mudança no resultado da classificação.";a decisão se explica por x2, x4 e x3;SUF;"x2; x3; x4";não;;;;;
3;corral;GB;0;"A decisão de classificar o caso como ""classe 0"" foi influenciada principalmente pelo valor atribuído à variável x2, que teve um impacto positivo significativo na probabilidade estimada. As variáveis x4 e x3 também contribuíram positivamente, embora com menor intensidade. Já as variáveis x1 e x5 tiveram influências negativas, mas muito menores do que a de x2. A variável x6 não teve grande impacto na decisão final. Se um dos fatores principais, como x2 ou x4, mudasse para o valor contrário, poderíamos ver uma mudança no resultado da classificação.";x2 influenciou;REL;x2;não;;;;;
3;corral;GB;0;"A decisão de classificar o caso como ""classe 0"" foi influenciada principalmente pelo valor atribuído à variável x2, que teve um impacto positivo significativo na probabilidade estimada. As variáveis x4 e x3 também contribuíram positivamente, embora com menor intensidade. Já as variáveis x1 e x5 tiveram influências negativas, mas muito menores do que a de x2. A variável x6 não teve grande impacto na decisão final. Se um dos fatores principais, como x2 ou x4, mudasse para o valor contrário, poderíamos ver uma mudança no resultado da classificação.";x4 contribuiu;REL;x4;não;;;;;
3;corral;GB;0;"A decisão de classificar o caso como ""classe 0"" foi influenciada principalmente pelo valor atribuído à variável x2, que teve um impacto positivo significativo na probabilidade estimada. As variáveis x4 e x3 também contribuíram positivamente, embora com menor intensidade. Já as variáveis x1 e x5 tiveram influências negativas, mas muito menores do que a de x2. A variável x6 não teve grande impacto na decisão final. Se um dos fatores principais, como x2 ou x4, mudasse para o valor contrário, poderíamos ver uma mudança no resultado da classificação.";x3 contribuiu;REL;x3;não;;;;;
3;corral;GB;0;"A decisão de classificar o caso como ""classe 0"" foi influenciada principalmente pelo valor atribuído à variável x2, que teve um impacto positivo significativo na probabilidade estimada. As variáveis x4 e x3 também contribuíram positivamente, embora com menor intensidade. Já as variáveis x1 e x5 tiveram influências negativas, mas muito menores do que a de x2. A variável x6 não teve grande impacto na decisão final. Se um dos fatores principais, como x2 ou x4, mudasse para o valor contrário, poderíamos ver uma mudança no resultado da classificação.";x1 pesou contra;DIR;x1;não;;;;;
3;corral;GB;0;"A decisão de classificar o caso como ""classe 0"" foi influenciada principalmente pelo valor atribuído à variável x2, que teve um impacto positivo significativo na probabilidade estimada. As variáveis x4 e x3 também contribuíram positivamente, embora com menor intensidade. Já as variáveis x1 e x5 tiveram influências negativas, mas muito menores do que a de x2. A variável x6 não teve grande impacto na decisão final. Se um dos fatores principais, como x2 ou x4, mudasse para o valor contrário, poderíamos ver uma mudança no resultado da classificação.";x5 pesou contra;DIR;x5;não;;;;;
3;corral;GB;0;"A decisão de classificar o caso como ""classe 0"" foi influenciada principalmente pelo valor atribuído à variável x2, que teve um impacto positivo significativo na probabilidade estimada. As variáveis x4 e x3 também contribuíram positivamente, embora com menor intensidade. Já as variáveis x1 e x5 tiveram influências negativas, mas muito menores do que a de x2. A variável x6 não teve grande impacto na decisão final. Se um dos fatores principais, como x2 ou x4, mudasse para o valor contrário, poderíamos ver uma mudança no resultado da classificação.";x6 não influenciou;IRR;x6;não;;;;;
3;corral;GB;0;"A decisão de classificar o caso como ""classe 0"" foi influenciada principalmente pelo valor atribuído à variável x2, que teve um impacto positivo significativo na probabilidade estimada. As variáveis x4 e x3 também contribuíram positivamente, embora com menor intensidade. Já as variáveis x1 e x5 tiveram influências negativas, mas muito menores do que a de x2. A variável x6 não teve grande impacto na decisão final. Se um dos fatores principais, como x2 ou x4, mudasse para o valor contrário, poderíamos ver uma mudança no resultado da classificação.";se x2 ou x4 fossem diferentes, a decisão poderia mudar;CON;"x2; x4";não;;;;;
3;corral;GB;0;"A decisão de classificar o caso como ""classe 0"" foi influenciada principalmente pelo valor atribuído à variável x2, que teve um impacto positivo significativo na probabilidade estimada. As variáveis x4 e x3 também contribuíram positivamente, embora com menor intensidade. Já as variáveis x1 e x5 tiveram influências negativas, mas muito menores do que a de x2. A variável x6 não teve grande impacto na decisão final. Se um dos fatores principais, como x2 ou x4, mudasse para o valor contrário, poderíamos ver uma mudança no resultado da classificação.";x2 foi o fator que mais pesou;ORD;x2;não;;;;;
3;corral;GB;0;"A decisão de classificar o caso como ""classe 0"" foi influenciada principalmente pelo valor atribuído à variável x2, que teve um impacto positivo significativo na probabilidade estimada. As variáveis x4 e x3 também contribuíram positivamente, embora com menor intensidade. Já as variáveis x1 e x5 tiveram influências negativas, mas muito menores do que a de x2. A variável x6 não teve grande impacto na decisão final. Se um dos fatores principais, como x2 ou x4, mudasse para o valor contrário, poderíamos ver uma mudança no resultado da classificação.";x4 pesou menos que x2;ORD;x4;não;;;;;
3;corral;GB;0;"A decisão de classificar o caso como ""classe 0"" foi influenciada principalmente pelo valor atribuído à variável x2, que teve um impacto positivo significativo na probabilidade estimada. As variáveis x4 e x3 também contribuíram positivamente, embora com menor intensidade. Já as variáveis x1 e x5 tiveram influências negativas, mas muito menores do que a de x2. A variável x6 não teve grande impacto na decisão final. Se um dos fatores principais, como x2 ou x4, mudasse para o valor contrário, poderíamos ver uma mudança no resultado da classificação.";x3 pesou menos que x4;ORD;x3;não;;;;;
3;corral;GB;0;"A decisão de classificar o caso como ""classe 0"" foi influenciada principalmente pelo valor atribuído à variável x2, que teve um impacto positivo significativo na probabilidade estimada. As variáveis x4 e x3 também contribuíram positivamente, embora com menor intensidade. Já as variáveis x1 e x5 tiveram influências negativas, mas muito menores do que a de x2. A variável x6 não teve grande impacto na decisão final. Se um dos fatores principais, como x2 ou x4, mudasse para o valor contrário, poderíamos ver uma mudança no resultado da classificação.";;FALTANTE;(liste afirmações do texto que não foram extraídas);;;;;;
4;mux6;RF;0;"A decisão de classificar o caso como ""classe 0"" foi influenciada principalmente pelo valor do atributo x3, que teve um grande impacto positivo na probabilidade de ser ""classe 0"". Os atributos x1, x2 e x4 também contribuíram positivamente, embora com menor intensidade. O atributo x6 teve um pequeno e negativo efeito, enquanto x5 não influenciou significativamente a decisão final. Se o valor do x6 fosse diferente ou se os valores dos outros atributos fossem alterados, isso poderia mudar a classificação do caso para ""classe 1"".";foi influenciada principalmente pelo valor do atributo x3;REL;x3;não;;;;;
4;mux6;RF;0;"A decisão de classificar o caso como ""classe 0"" foi influenciada principalmente pelo valor do atributo x3, que teve um grande impacto positivo na probabilidade de ser ""classe 0"". Os atributos x1, x2 e x4 também contribuíram positivamente, embora com menor intensidade. O atributo x6 teve um pequeno e negativo efeito, enquanto x5 não influenciou significativamente a decisão final. Se o valor do x6 fosse diferente ou se os valores dos outros atributos fossem alterados, isso poderia mudar a classificação do caso para ""classe 1"".";os atributos x1, x2 e x4 também contribuíram positivamente;REL;x1;não;;;;;
4;mux6;RF;0;"A decisão de classificar o caso como ""classe 0"" foi influenciada principalmente pelo valor do atributo x3, que teve um grande impacto positivo na probabilidade de ser ""classe 0"". Os atributos x1, x2 e x4 também contribuíram positivamente, embora com menor intensidade. O atributo x6 teve um pequeno e negativo efeito, enquanto x5 não influenciou significativamente a decisão final. Se o valor do x6 fosse diferente ou se os valores dos outros atributos fossem alterados, isso poderia mudar a classificação do caso para ""classe 1"".";os atributos x1, x2 e x4 também contribuíram positivamente;REL;x2;não;;;;;
4;mux6;RF;0;"A decisão de classificar o caso como ""classe 0"" foi influenciada principalmente pelo valor do atributo x3, que teve um grande impacto positivo na probabilidade de ser ""classe 0"". Os atributos x1, x2 e x4 também contribuíram positivamente, embora com menor intensidade. O atributo x6 teve um pequeno e negativo efeito, enquanto x5 não influenciou significativamente a decisão final. Se o valor do x6 fosse diferente ou se os valores dos outros atributos fossem alterados, isso poderia mudar a classificação do caso para ""classe 1"".";os atributos x1, x2 e x4 também contribuíram positivamente;REL;x4;não;;;;;
4;mux6;RF;0;"A decisão de classificar o caso como ""classe 0"" foi influenciada principalmente pelo valor do atributo x3, que teve um grande impacto positivo na probabilidade de ser ""classe 0"". Os atributos x1, x2 e x4 também contribuíram positivamente, embora com menor intensidade. O atributo x6 teve um pequeno e negativo efeito, enquanto x5 não influenciou significativamente a decisão final. Se o valor do x6 fosse diferente ou se os valores dos outros atributos fossem alterados, isso poderia mudar a classificação do caso para ""classe 1"".";o atributo x6 teve um pequeno e negativo efeito;DIR;x6;sim;;;;;
4;mux6;RF;0;"A decisão de classificar o caso como ""classe 0"" foi influenciada principalmente pelo valor do atributo x3, que teve um grande impacto positivo na probabilidade de ser ""classe 0"". Os atributos x1, x2 e x4 também contribuíram positivamente, embora com menor intensidade. O atributo x6 teve um pequeno e negativo efeito, enquanto x5 não influenciou significativamente a decisão final. Se o valor do x6 fosse diferente ou se os valores dos outros atributos fossem alterados, isso poderia mudar a classificação do caso para ""classe 1"".";o atributo x5 não influenciou significativamente a decisão final;IRR;x5;não;;;;;
4;mux6;RF;0;"A decisão de classificar o caso como ""classe 0"" foi influenciada principalmente pelo valor do atributo x3, que teve um grande impacto positivo na probabilidade de ser ""classe 0"". Os atributos x1, x2 e x4 também contribuíram positivamente, embora com menor intensidade. O atributo x6 teve um pequeno e negativo efeito, enquanto x5 não influenciou significativamente a decisão final. Se o valor do x6 fosse diferente ou se os valores dos outros atributos fossem alterados, isso poderia mudar a classificação do caso para ""classe 1"".";se o valor do x6 fosse diferente ou se os valores dos outros atributos fossem alterados, isso poderia mudar a classificação do caso para 'classe 1';CON;"x1; x2; x4; x6";não;;;;;
4;mux6;RF;0;"A decisão de classificar o caso como ""classe 0"" foi influenciada principalmente pelo valor do atributo x3, que teve um grande impacto positivo na probabilidade de ser ""classe 0"". Os atributos x1, x2 e x4 também contribuíram positivamente, embora com menor intensidade. O atributo x6 teve um pequeno e negativo efeito, enquanto x5 não influenciou significativamente a decisão final. Se o valor do x6 fosse diferente ou se os valores dos outros atributos fossem alterados, isso poderia mudar a classificação do caso para ""classe 1"".";a decisão se explica por x3, x1, x2 e x4;SUF;"x1; x2; x3; x4";não;;;;;
4;mux6;RF;0;"A decisão de classificar o caso como ""classe 0"" foi influenciada principalmente pelo valor do atributo x3, que teve um grande impacto positivo na probabilidade de ser ""classe 0"". Os atributos x1, x2 e x4 também contribuíram positivamente, embora com menor intensidade. O atributo x6 teve um pequeno e negativo efeito, enquanto x5 não influenciou significativamente a decisão final. Se o valor do x6 fosse diferente ou se os valores dos outros atributos fossem alterados, isso poderia mudar a classificação do caso para ""classe 1"".";x3 teve um grande impacto positivo na probabilidade de ser 'classe 0';DIR;x3;sim;;;;;
4;mux6;RF;0;"A decisão de classificar o caso como ""classe 0"" foi influenciada principalmente pelo valor do atributo x3, que teve um grande impacto positivo na probabilidade de ser ""classe 0"". Os atributos x1, x2 e x4 também contribuíram positivamente, embora com menor intensidade. O atributo x6 teve um pequeno e negativo efeito, enquanto x5 não influenciou significativamente a decisão final. Se o valor do x6 fosse diferente ou se os valores dos outros atributos fossem alterados, isso poderia mudar a classificação do caso para ""classe 1"".";;FALTANTE;(liste afirmações do texto que não foram extraídas);;;;;;
5;corral;AD;0;"A decisão de classificar o caso como ""classe 0"" foi influenciada principalmente pelo valor do atributo x2, que favoreceu essa classe. Os atributos x3 e x4 também contribuíram positivamente para a classificação em ""classe 0"", embora com menor intensidade. O valor de x1 teve um efeito negativo, mas foi menos significativo comparado aos outros fatores. A variável x6 não teve grande impacto na decisão. Se o valor do atributo x2 fosse diferente ou se x1 tivesse um valor que contrariasse sua influência, isso poderia mudar a classificação para ""classe 1"".";a decisão se explica por x2 e x3 e x4;SUF;"x2; x3; x4";não;;;;;
5;corral;AD;0;"A decisão de classificar o caso como ""classe 0"" foi influenciada principalmente pelo valor do atributo x2, que favoreceu essa classe. Os atributos x3 e x4 também contribuíram positivamente para a classificação em ""classe 0"", embora com menor intensidade. O valor de x1 teve um efeito negativo, mas foi menos significativo comparado aos outros fatores. A variável x6 não teve grande impacto na decisão. Se o valor do atributo x2 fosse diferente ou se x1 tivesse um valor que contrariasse sua influência, isso poderia mudar a classificação para ""classe 1"".";x2 influenciou;REL;x2;não;;;;;
5;corral;AD;0;"A decisão de classificar o caso como ""classe 0"" foi influenciada principalmente pelo valor do atributo x2, que favoreceu essa classe. Os atributos x3 e x4 também contribuíram positivamente para a classificação em ""classe 0"", embora com menor intensidade. O valor de x1 teve um efeito negativo, mas foi menos significativo comparado aos outros fatores. A variável x6 não teve grande impacto na decisão. Se o valor do atributo x2 fosse diferente ou se x1 tivesse um valor que contrariasse sua influência, isso poderia mudar a classificação para ""classe 1"".";x3 contribuiu para a classificação em 'classe 0';REL;x3;não;;;;;
5;corral;AD;0;"A decisão de classificar o caso como ""classe 0"" foi influenciada principalmente pelo valor do atributo x2, que favoreceu essa classe. Os atributos x3 e x4 também contribuíram positivamente para a classificação em ""classe 0"", embora com menor intensidade. O valor de x1 teve um efeito negativo, mas foi menos significativo comparado aos outros fatores. A variável x6 não teve grande impacto na decisão. Se o valor do atributo x2 fosse diferente ou se x1 tivesse um valor que contrariasse sua influência, isso poderia mudar a classificação para ""classe 1"".";x4 contribuiu para a classificação em 'classe 0';REL;x4;não;;;;;
5;corral;AD;0;"A decisão de classificar o caso como ""classe 0"" foi influenciada principalmente pelo valor do atributo x2, que favoreceu essa classe. Os atributos x3 e x4 também contribuíram positivamente para a classificação em ""classe 0"", embora com menor intensidade. O valor de x1 teve um efeito negativo, mas foi menos significativo comparado aos outros fatores. A variável x6 não teve grande impacto na decisão. Se o valor do atributo x2 fosse diferente ou se x1 tivesse um valor que contrariasse sua influência, isso poderia mudar a classificação para ""classe 1"".";x1 teve um efeito negativo;REL;x1;não;;;;;
5;corral;AD;0;"A decisão de classificar o caso como ""classe 0"" foi influenciada principalmente pelo valor do atributo x2, que favoreceu essa classe. Os atributos x3 e x4 também contribuíram positivamente para a classificação em ""classe 0"", embora com menor intensidade. O valor de x1 teve um efeito negativo, mas foi menos significativo comparado aos outros fatores. A variável x6 não teve grande impacto na decisão. Se o valor do atributo x2 fosse diferente ou se x1 tivesse um valor que contrariasse sua influência, isso poderia mudar a classificação para ""classe 1"".";x6 não teve grande impacto na decisão;IRR;x6;não;;;;;
5;corral;AD;0;"A decisão de classificar o caso como ""classe 0"" foi influenciada principalmente pelo valor do atributo x2, que favoreceu essa classe. Os atributos x3 e x4 também contribuíram positivamente para a classificação em ""classe 0"", embora com menor intensidade. O valor de x1 teve um efeito negativo, mas foi menos significativo comparado aos outros fatores. A variável x6 não teve grande impacto na decisão. Se o valor do atributo x2 fosse diferente ou se x1 tivesse um valor que contrariasse sua influência, isso poderia mudar a classificação para ""classe 1"".";se x2 fosse diferente, a classificação poderia mudar para 'classe 1';CON;x2;não;;;;;
5;corral;AD;0;"A decisão de classificar o caso como ""classe 0"" foi influenciada principalmente pelo valor do atributo x2, que favoreceu essa classe. Os atributos x3 e x4 também contribuíram positivamente para a classificação em ""classe 0"", embora com menor intensidade. O valor de x1 teve um efeito negativo, mas foi menos significativo comparado aos outros fatores. A variável x6 não teve grande impacto na decisão. Se o valor do atributo x2 fosse diferente ou se x1 tivesse um valor que contrariasse sua influência, isso poderia mudar a classificação para ""classe 1"".";se x1 tivesse um valor que contrariasse sua influência, isso poderia mudar a classificação para 'classe 1';CON;x1;não;;;;;
5;corral;AD;0;"A decisão de classificar o caso como ""classe 0"" foi influenciada principalmente pelo valor do atributo x2, que favoreceu essa classe. Os atributos x3 e x4 também contribuíram positivamente para a classificação em ""classe 0"", embora com menor intensidade. O valor de x1 teve um efeito negativo, mas foi menos significativo comparado aos outros fatores. A variável x6 não teve grande impacto na decisão. Se o valor do atributo x2 fosse diferente ou se x1 tivesse um valor que contrariasse sua influência, isso poderia mudar a classificação para ""classe 1"".";x2 foi importante;ORD;x2;não;;;;;
5;corral;AD;0;"A decisão de classificar o caso como ""classe 0"" foi influenciada principalmente pelo valor do atributo x2, que favoreceu essa classe. Os atributos x3 e x4 também contribuíram positivamente para a classificação em ""classe 0"", embora com menor intensidade. O valor de x1 teve um efeito negativo, mas foi menos significativo comparado aos outros fatores. A variável x6 não teve grande impacto na decisão. Se o valor do atributo x2 fosse diferente ou se x1 tivesse um valor que contrariasse sua influência, isso poderia mudar a classificação para ""classe 1"".";x3 contribuiu positivamente para a classificação em 'classe 0', embora com menor intensidade;ORD;x3;sim;;;;;
5;corral;AD;0;"A decisão de classificar o caso como ""classe 0"" foi influenciada principalmente pelo valor do atributo x2, que favoreceu essa classe. Os atributos x3 e x4 também contribuíram positivamente para a classificação em ""classe 0"", embora com menor intensidade. O valor de x1 teve um efeito negativo, mas foi menos significativo comparado aos outros fatores. A variável x6 não teve grande impacto na decisão. Se o valor do atributo x2 fosse diferente ou se x1 tivesse um valor que contrariasse sua influência, isso poderia mudar a classificação para ""classe 1"".";x4 contribuiu positivamente para a classificação em 'classe 0', embora com menor intensidade;ORD;x4;sim;;;;;
5;corral;AD;0;"A decisão de classificar o caso como ""classe 0"" foi influenciada principalmente pelo valor do atributo x2, que favoreceu essa classe. Os atributos x3 e x4 também contribuíram positivamente para a classificação em ""classe 0"", embora com menor intensidade. O valor de x1 teve um efeito negativo, mas foi menos significativo comparado aos outros fatores. A variável x6 não teve grande impacto na decisão. Se o valor do atributo x2 fosse diferente ou se x1 tivesse um valor que contrariasse sua influência, isso poderia mudar a classificação para ""classe 1"".";x1 teve um efeito negativo, mas foi menos significativo comparado aos outros fatores;ORD;x1;sim;;;;;
5;corral;AD;0;"A decisão de classificar o caso como ""classe 0"" foi influenciada principalmente pelo valor do atributo x2, que favoreceu essa classe. Os atributos x3 e x4 também contribuíram positivamente para a classificação em ""classe 0"", embora com menor intensidade. O valor de x1 teve um efeito negativo, mas foi menos significativo comparado aos outros fatores. A variável x6 não teve grande impacto na decisão. Se o valor do atributo x2 fosse diferente ou se x1 tivesse um valor que contrariasse sua influência, isso poderia mudar a classificação para ""classe 1"".";;FALTANTE;(liste afirmações do texto que não foram extraídas);;;;;;
6;mux6;AD;0;"A decisão de classificar o caso como ""classe 0"" foi influenciada principalmente pelo valor da variável x3, que teve um grande impacto positivo na probabilidade de ser ""classe 0"". As variáveis x4 e x5 também contribuíram positivamente, embora com menor intensidade. O fato de x6 ter o valor 1 não influenciou a decisão, pois sua contribuição foi negativa mas muito pequena. Se x3 tivesse um valor diferente ou se x6 tivesse outro valor, isso poderia mudar a classificação do caso para ""classe 1"".";foi influenciada principalmente pelo valor da variável x3;REL;x3;sim;;;;;
6;mux6;AD;0;"A decisão de classificar o caso como ""classe 0"" foi influenciada principalmente pelo valor da variável x3, que teve um grande impacto positivo na probabilidade de ser ""classe 0"". As variáveis x4 e x5 também contribuíram positivamente, embora com menor intensidade. O fato de x6 ter o valor 1 não influenciou a decisão, pois sua contribuição foi negativa mas muito pequena. Se x3 tivesse um valor diferente ou se x6 tivesse outro valor, isso poderia mudar a classificação do caso para ""classe 1"".";as variáveis x4 e x5 também contribuíram positivamente;REL;x4;não;;;;;
6;mux6;AD;0;"A decisão de classificar o caso como ""classe 0"" foi influenciada principalmente pelo valor da variável x3, que teve um grande impacto positivo na probabilidade de ser ""classe 0"". As variáveis x4 e x5 também contribuíram positivamente, embora com menor intensidade. O fato de x6 ter o valor 1 não influenciou a decisão, pois sua contribuição foi negativa mas muito pequena. Se x3 tivesse um valor diferente ou se x6 tivesse outro valor, isso poderia mudar a classificação do caso para ""classe 1"".";as variáveis x4 e x5 também contribuíram positivamente;REL;x5;não;;;;;
6;mux6;AD;0;"A decisão de classificar o caso como ""classe 0"" foi influenciada principalmente pelo valor da variável x3, que teve um grande impacto positivo na probabilidade de ser ""classe 0"". As variáveis x4 e x5 também contribuíram positivamente, embora com menor intensidade. O fato de x6 ter o valor 1 não influenciou a decisão, pois sua contribuição foi negativa mas muito pequena. Se x3 tivesse um valor diferente ou se x6 tivesse outro valor, isso poderia mudar a classificação do caso para ""classe 1"".";o fato de x6 ter o valor 1 não influenciou a decisão;IRR;x6;não;;;;;
6;mux6;AD;0;"A decisão de classificar o caso como ""classe 0"" foi influenciada principalmente pelo valor da variável x3, que teve um grande impacto positivo na probabilidade de ser ""classe 0"". As variáveis x4 e x5 também contribuíram positivamente, embora com menor intensidade. O fato de x6 ter o valor 1 não influenciou a decisão, pois sua contribuição foi negativa mas muito pequena. Se x3 tivesse um valor diferente ou se x6 tivesse outro valor, isso poderia mudar a classificação do caso para ""classe 1"".";se x3 tivesse um valor diferente ou se x6 tivesse outro valor, isso poderia mudar a classificação do caso para 'classe 1';CON;"x3; x6";não;;;;;
6;mux6;AD;0;"A decisão de classificar o caso como ""classe 0"" foi influenciada principalmente pelo valor da variável x3, que teve um grande impacto positivo na probabilidade de ser ""classe 0"". As variáveis x4 e x5 também contribuíram positivamente, embora com menor intensidade. O fato de x6 ter o valor 1 não influenciou a decisão, pois sua contribuição foi negativa mas muito pequena. Se x3 tivesse um valor diferente ou se x6 tivesse outro valor, isso poderia mudar a classificação do caso para ""classe 1"".";;FALTANTE;(liste afirmações do texto que não foram extraídas);;;;;;
