base,modelo,narrativas,alguma_falsa,padrao_alguma_falsa,herdado,narrador,diferenca
corral,AD,2,50.0,50.0,50.0,0.0,0.0
corral,RF,2,50.0,50.0,50.0,0.0,0.0
corral,GB,2,50.0,50.0,50.0,0.0,0.0
mux6,AD,2,50.0,50.0,50.0,0.0,0.0
mux6,RF,2,50.0,50.0,50.0,0.0,0.0
mux6,GB,2,50.0,50.0,50.0,0.0,0.0
parity5+5,AD,2,100.0,100.0,100.0,0.0,0.0
parity5+5,RF,2,100.0,100.0,100.0,0.0,0.0
parity5+5,GB,2,100.0,100.0,100.0,0.0,0.0
monk1,AD,2,50.0,50.0,50.0,0.0,0.0
monk1,RF,2,0.0,0.0,0.0,0.0,0.0
monk1,GB,2,50.0,50.0,50.0,0.0,0.0
monk2,AD,2,100.0,100.0,100.0,0.0,0.0
monk2,RF,2,100.0,100.0,100.0,0.0,0.0
monk2,GB,2,100.0,100.0,100.0,0.0,0.0
monk3,AD,2,0.0,0.0,0.0,0.0,0.0
monk3,RF,2,0.0,0.0,0.0,0.0,0.0
monk3,GB,2,0.0,0.0,0.0,0.0,0.0
breast-cancer,AD,2,0.0,0.0,0.0,0.0,0.0
breast-cancer,RF,2,0.0,0.0,0.0,0.0,0.0
breast-cancer,GB,2,100.0,100.0,100.0,0.0,0.0
wine,AD,2,100.0,100.0,100.0,0.0,0.0
wine,RF,2,100.0,100.0,100.0,0.0,0.0
wine,GB,2,100.0,100.0,100.0,0.0,0.0
iris,AD,2,0.0,0.0,0.0,0.0,0.0
iris,RF,2,50.0,50.0,50.0,0.0,0.0
iris,GB,2,0.0,0.0,0.0,0.0,0.0
