base,modelo,N1_suf_topk_falsa,N2_rel_top1_falsa,N3_irr_ultimo_falsa,N4_con_top1_falsa,alguma_falsa,instancias,m,espaco,acuracia
corral,AD,0.0,0.0,3.225806451612903,12.903225806451612,16.129032258064516,31,6,64,0.9791666666666666
corral,RF,0.0,0.0,19.35483870967742,12.903225806451612,32.25806451612903,31,6,64,0.9791666666666666
corral,GB,0.0,0.0,0.0,12.903225806451612,12.903225806451612,31,6,64,1.0
mux6,AD,23.333333333333332,0.0,66.66666666666666,3.3333333333333335,66.66666666666666,30,6,64,0.9230769230769231
mux6,RF,26.666666666666668,0.0,60.0,0.0,63.33333333333333,30,6,64,1.0
mux6,GB,33.33333333333333,0.0,50.0,0.0,63.33333333333333,30,6,64,1.0
parity5+5,AD,100.0,0.0,56.00000000000001,2.0,100.0,50,10,1024,0.5177514792899408
parity5+5,RF,100.0,0.0,92.0,20.0,100.0,50,10,1024,0.4911242603550296
parity5+5,GB,94.0,0.0,78.0,12.0,98.0,50,10,1024,0.47337278106508873
monk1,AD,8.0,0.0,8.0,10.0,26.0,50,6,432,0.7923076923076923
monk1,RF,4.0,0.0,10.0,4.0,14.000000000000002,50,6,432,0.9384615384615385
monk1,GB,36.0,0.0,26.0,4.0,42.0,50,6,432,0.7692307692307693
monk2,AD,70.0,0.0,68.0,26.0,88.0,50,6,432,0.6461538461538462
monk2,RF,30.0,0.0,90.0,74.0,96.0,50,6,432,0.6615384615384615
monk2,GB,26.0,0.0,70.0,46.0,78.0,50,6,432,0.6461538461538462
monk3,AD,2.0,0.0,4.0,2.0,6.0,50,6,432,0.9538461538461539
monk3,RF,4.0,0.0,18.0,2.0,24.0,50,6,432,0.9307692307692308
monk3,GB,0.0,0.0,0.0,4.0,4.0,50,6,432,0.9692307692307692
breast-cancer,AD,40.0,0.0,10.0,20.0,44.0,50,8,6561,0.9532163742690059
breast-cancer,RF,14.000000000000002,0.0,86.0,52.0,88.0,50,8,6561,0.9649122807017544
breast-cancer,GB,50.0,0.0,60.0,24.0,84.0,50,8,6561,0.9590643274853801
wine,AD,42.857142857142854,0.0,48.97959183673469,59.183673469387756,91.83673469387756,49,8,6561,0.9444444444444444
wine,RF,28.57142857142857,0.0,79.59183673469387,77.55102040816327,100.0,49,8,6561,0.9814814814814815
wine,GB,28.57142857142857,0.0,20.408163265306122,63.26530612244898,91.83673469387756,49,8,6561,0.9444444444444444
iris,AD,0.0,0.0,37.93103448275862,24.137931034482758,48.275862068965516,29,4,256,0.9777777777777777
iris,RF,10.344827586206897,0.0,44.827586206896555,34.48275862068966,51.724137931034484,29,4,256,0.9777777777777777
iris,GB,6.896551724137931,0.0,31.03448275862069,20.689655172413794,41.37931034482759,29,4,256,0.9555555555555556
